<?xml version="1.0" encoding="UTF-8"?>
<p:beans default-autowire="byType"
xmlns:p="http://www.springframework.org/schema/beans" 
	xmlns:ctx="http://www.springframework.org/schema/context"
	xmlns:xsi="http://www.w3.org/2001/XMLSchema-instance"
	xmlns:tx="http://www.springframework.org/schema/tx"
xsi:schemaLocation="http://www.springframework.org/schema/tx spring-tx-3.2.xsd http://www.springframework.org/schema/context spring-context-3.2.xsd http://www.springframework.org/schema/beans spring-beans-3.2.xsd ">


	<p:bean autowire="no"
		class="org.springframework.orm.hibernate3.annotation.AnnotationSessionFactoryBean">
		<p:property name="annotatedClasses">
			<p:list>
				<p:value>model.Customer</p:value>
				<p:value>model.Order</p:value>
				<p:value>model.Item</p:value>
				<p:value>model.LineOrderItem</p:value>
				
				
				
			</p:list>
		</p:property>
		<p:property name="dataSource" ref="ds"></p:property>
		<p:property name="hibernateProperties">
		<p:props>
	<!-- 	<p:prop key="hibernate.dialect">org.hibernate.dialect.PostgreSQLDialect</p:prop>
		<p:prop key="hibernate.hdm2ddl.auto">create</p:prop> -->
		<p:prop key=""></p:prop>
		</p:props>
		
		</p:property>
		
	
	</p:bean>
	
	
	<!-- <p:bean id="tm"
		class="org.springframework.orm.hibernate3.HibernateTransactionManager">
	</p:bean> -->
	
	<p:bean class="services.CustomerServiceImpl">
	
	
	</p:bean>
	<p:bean class="dao.CustomerDAOImpl"></p:bean>
	<p:bean class="services.OrderServiceImpl"></p:bean>
	
	<p:bean class="dao.OrderDAOImpl"></p:bean>
	<p:bean class="services.ItemServiceImpl"></p:bean>
	<p:bean class="dao.ItemDAOImpl"></p:bean>
	<p:bean class="services.LineOrderItemServiceImpl"></p:bean>
	<p:bean class="dao.LineOrderItemDAOImpl"></p:bean>
	<p:import resource="classpath:jdbc.xml" />
	<!-- <tx:annotation-driven transaction-manager="tm" /> -->



</p:beans>
