<?xml version="1.0" encoding="UTF-8"?>
<p:beans xmlns:p="http://www.springframework.org/schema/beans" xmlns:xsi="http://www.w3.org/2001/XMLSchema-instance" xsi:schemaLocation="http://www.springframework.org/schema/beans spring-beans-3.2.xsd ">
<p:bean id="ds"
		class="org.springframework.jdbc.datasource.DriverManagerDataSource">

		<p:property name="driverClassName"
			value="org.postgresql.Driver"></p:property>
		<p:property name="url"
			value="jdbc:postgresql://localhost:5432/training"></p:property>
		<p:property name="password" value="postgres"></p:property>
		<p:property name="username" value="postgres"></p:property>
		<!-- <p:property name="hbm2ddl.auto" value="create"></p:property> -->
	</p:bean>

</p:beans>
